al-tia-wg-001	ofyfRvMPB0PPIGGItNL+5tNdvTKXuWye5CfjPgPNvQ8	103.124.165.2:51820
al-tia-wg-003	rWiQxq5lAWD8v/bws9ITSAvThyZW8cR2x+Ins9ZvvRo	103.124.165.130:51820
al-tia-wg-004	x62J1c4gfHu/bF3DSjwIjC0qOE3azRG03i/YW6bOEGY	103.124.165.191:51820
ar-bue-wg-001	1WN0Mqa0Azw7cYYEamHPgHXE8SuylNIG2QobZKOaclA	149.22.83.2:51820
ar-bue-wg-002	gGrdozNHVCnmcX5x8OPOXfnyZ+TZWqD9GlHl1kRekyA	149.22.83.31:51820
at-vie-wg-001	GLqlOTVJCyRpJx3vgR3ykTPNJLGKNytHXu61zBWIAls	146.70.116.130:51820
at-vie-wg-002	FSGkeqzoy8fWkGcGl5nrYeiQG04C511+qdH5iMramxE	135.136.51.2:51820
at-vie-wg-003	HsWJFTCpoe7niGs8EOMI2/ES4Q4MuhqLIoRc9QLSpSk	135.136.51.130:51820
at-vie-wg-101	dj3qNfJfA4dWXsWokPcDh4oo6xaPtOTPfbr5UzHKZ0M	185.24.11.130:51820
at-vie-wg-102	DANFtH+sFB19BnW1CYEwZ2pOIt7P8nLjSadjpS2rLWE	185.24.11.159:51820
au-adl-wg-301	rm2hpBiN91c7reV+cYKlw7QNkYtME/+js7IMyYBB2Aw	103.214.20.50:51820
au-adl-wg-302	e4jouH8n4e8oyi/Z7d6lJLd6975hlPZmnynJeoU+nWM	103.214.20.130:51820
au-adl-wg-303	X9vdIZG69ZDU4Wf05T8F+C+NuWeYOgojmOVeASdiIWo	103.214.20.162:51820
au-bne-wg-301	1H/gj8SVNebAIEGlvMeUVC5Rnf274dfVKbyE+v5G8HA	103.216.220.18:51820
au-bne-wg-302	z+JG0QA4uNd/wRTpjCqn9rDpQsHKhf493omqQ5rqYAc	103.216.220.34:51820
au-bne-wg-303	AdUQ6vk1e1SMzlLpgwmg86A0SSj8YGrJE2UWlflGtCg	103.216.220.66:51820
au-mel-wg-401	ju0S2nDmiOrSm1H68SRTB4mtt2U8SKROprE83VCoF1Y	163.47.16.146:51820
au-mel-wg-403	OQzxEZxEnLI85WF81VFO4tg9+fEBZ1dL+vckw2VYPxk	163.47.16.154:51820
au-per-wg-301	hQXsNk/9R2We0pzP1S9J3oNErEu2CyENlwTdmDUYFhg	103.108.231.50:51820
au-per-wg-302	t3Ly8bBdF2gMHzT3d529bVLDw8Jd2/FFG9GXoBEx01g	103.108.231.66:51820
au-syd-wg-001	4JpfHBvthTFOhCK0f5HAbzLXAVcB97uAkuLx7E8kqW0	146.70.200.2:51820
au-syd-wg-002	lUeDAOy+iAhZDuz5+6zh0Co8wZcs3ahdu2jfqQoDW3E	146.70.141.194:51820
au-syd-wg-003	LXuRwa9JRTt2/UtldklKGlj/IVLORITqgET4II4DRkU	146.70.200.194:51820
au-syd-wg-101	NKP4jSvSDZg5HJ3JxpGYMxIYt7QzoxSFrU2F0m1ZxwA	103.136.147.3:51820
au-syd-wg-102	w825smx7YI9/SrwSYGdsuwD1Qt5UsS/CyaGTjwSYljU	103.136.147.65:51820
au-syd-wg-103	poOHsF6v91yURxDrNe/P/adyNUqsRGzhFIioyBYUPww	103.136.147.129:51820
au-syd-wg-104	61Ovy3ObuHqllZK/P/5cOWZnY26SY2csmjzVK1q+fFs	103.136.147.197:51820
au-syd-wg-301	bQIQLk9zVOZLEGJsQOMu0K3rCMc85gExkS/0b1tSVBk	103.120.6.2:51820
au-syd-wg-302	6tTqSMUVPhaMsFFdphijwdura5RnNOzlz33Ekp1oCmc	103.120.6.127:51820
au-syd-wg-303	RK/eoKsyX4fu7iJ9F5mTf07en/WgYOMAtPGivKTntlw	103.141.60.2:51820
au-syd-wg-304	gXZZhcHfOD7FtnwTw8APUnccwMTVQYDNs4bbjHGS3CI	103.141.60.127:51820
be-bru-wg-101	GE2WP6hmwVggSvGVWLgq2L10T3WM2VspnUptK5F4B0U	91.90.123.2:51820
be-bru-wg-102	IY+FKw487MEWqMGNyyrT4PnTrJxce8oiGNHT0zifam8	194.110.115.34:51820
be-bru-wg-103	b5A1ela+BVI+AbNXz7SWekZHvdWWpt3rqUKTJj0SqCU	194.110.115.2:51820
bg-sof-wg-001	J8KysHmHZWqtrVKKOppneDXSks/PDsB1XTlRHpwiABA	146.70.188.130:51820
bg-sof-wg-002	dg+Fw7GnKvDPBxFpnj1KPoNIu1GakuVoDJjKRni+pRU	146.70.188.194:51820
br-for-wg-001	CiPqGvrQidRVmKc6T8TORsAAZtQbsGzNEAKyd1iVlWY	98.98.12.178:51820
br-for-wg-002	qXISz0Kl4oC0sypcjD6hIxplv8zzZGIJPQZc4/EGz2k	98.98.12.182:51820
br-sao-wg-201	8c9M6w1BQbgMVr/Zgrj4GwSdU6q3qfQfWs17kMLC9y4	169.150.198.66:51820
br-sao-wg-202	jWURoz8SLBUlRTQnAFTA/LDZUTpvlO0ghiVWH7MgaHQ	169.150.198.79:51820
br-sao-wg-302	Xv1QvURPbgywITL6MNVhbYtfZXTm0lR98SPaf3AXeCc	103.139.178.63:51820
br-sao-wg-303	oYrzNmnieX0iZS2nLxdM3mNcDjQZEWn5yaFCtX76qDk	103.139.178.123:51820
br-sao-wg-304	hmO6+lN2CrWMFdpiPtSZ3oPRmcsJlpIi00P+c5p6rQQ	103.139.178.183:51820
ca-mtr-wg-001	TUCaQc26/R6AGpkDUr8A8ytUs/e5+UVlIVujbuBwlzI	146.70.198.66:51820
ca-mtr-wg-002	7X6zOgtJfJAK8w8C3z+hekcS9Yf3qK3Bp4yx56lqxBQ	146.70.198.130:51820
ca-mtr-wg-003	57Zu2qPzRScZWsoC2NhXgz0FiC0HiKkbEa559sbxB3k	146.70.198.194:51820
ca-mtr-wg-004	Cc5swfQ9f2tAgLduuIqC3bLbwDVoOFkkETghsE6/twA	188.241.176.194:51820
ca-mtr-wg-201	m1DF8sQgOBo+vfdl1//sCvu2TnsHKdRzfsiszbBZQzs	62.93.167.130:51820
ca-mtr-wg-202	NqU0AZRAYH1p8BDUbirqITPJX47WYJsyxO73RHcEjEQ	62.93.167.160:51820
ca-mtr-wg-301	iV7uZuw8vbqrW/p4YhsxkIxXaUuI4Uj2hTl8TaJZfAA	23.234.120.2:51820
ca-mtr-wg-302	ihfPUEJ+SOFLzpb6ATGKX1/aAOA2MiTgm36yxmMdNUs	23.234.120.127:51820
ca-mtr-wg-303	jS8Wn97oET0rNFD9yIoJIahbVfMc6aubJq6G7+C1PBs	23.234.121.2:51820
ca-mtr-wg-304	zY8NKWC/zDdNBBFFtH3acoZAJj2BD/AYZVOUiIRZric	23.234.121.127:51820
ca-mtr-wg-305	vHxqoUcH2dHqphHD6Kj74gf8+SldQ/S2XP1nbasTSkQ	23.234.122.2:51820
ca-mtr-wg-306	R4SOqKLtNuNSPg1L9/4mK56nahUN9uEFleuZorBXOjM	23.234.122.127:51820
ca-mtr-wg-307	MRbFe1jzuvCprXrnW2H6TpQnWx5MBwjYS+iIAhtrejc	23.234.123.2:51820
ca-mtr-wg-308	lyOeQQ2eGQgEdV+uH/S7UPOPMCsRWkDSQiZhPTUT0AI	23.234.123.127:51820
ca-tor-wg-001	HjcUGVDXWdrRkaKNpc/8494RM5eICO6DPyrhCtTv9Ws	178.249.214.2:51820
ca-tor-wg-002	iqZSgVlU9H67x/uYE5xsnzLCDXf7FL9iMfyKfl6WsV8	178.249.214.15:51820
ca-tor-wg-201	94nJF3WyWKsZQOFhWWco8cjBOrSYADsMSTeivfbWQyw	23.234.84.2:51820
ca-tor-wg-202	vr/sAm+36c3N8jWfo14Sw6El0xJeSvu/soU/8JWSb3U	23.234.84.127:51820
ca-tor-wg-203	kpXVJa66qgBFlwCmHx6siJT3R9afvtbjdDOTKkkbiUI	23.234.85.2:51820
ca-tor-wg-204	APcoI2H2zdWIMdVYXslcJm4zzgePc4PESsDHgkm0UnQ	23.234.85.127:51820
ca-tor-wg-205	iePZCguBaIxO/7gqQGDDYwl6YzMZj5910nK2Q9bDP14	23.234.86.2:51820
ca-tor-wg-206	PGPyMyMPZ7Lue4pvFK7hlavToQ5FfBODmQBoiaUZ40I	23.234.86.127:51820
ca-tor-wg-207	8VmxIxjz5W44ubaBuIt5JEngh7fKCvdmdG9WBN2oqhw	23.234.87.2:51820
ca-van-wg-201	hYbb2NQKB0g2RefngdHl3bfaLImUuzeVIv2i1VCVIlQ	104.193.135.196:51820
ca-van-wg-202	wGqcNxXH7A3bSptHZo7Dfmymy/Y30Ea/Zd47UkyEbzo	104.193.135.100:51820
ca-van-wg-301	BzYINbABQiSbRLDZIlmgsLgL88offQJCEH3JkcjRGUk	149.22.81.194:51820
ca-van-wg-302	EOOkxbmbdHmjb8F45s33yKrIzKWH6lGIgJf2kTOxwFw	149.22.81.207:51820
ca-yyc-wg-201	L4RcVwk0cJJp2u8O9+86sdyUpxfYnr+ME57Ex0RY1Wo	38.240.225.36:51820
ca-yyc-wg-202	u9J/fzrSqM2aEFjTs91KEKgBsaQ/I/4XkIP1Z/zYkXA	38.240.225.68:51820
ch-zrh-wg-001	/iivwlyqWqxQ0BVWmJRhcXIFdJeo0WbHQ/hZwuXaN3g	193.32.127.66:51820
ch-zrh-wg-002	qcvI02LwBnTb7aFrOyZSWvg4kb7zNW9/+rS6alnWyFE	193.32.127.67:51820
ch-zrh-wg-003	5Ms10UxGjCSzwImTrvEjcygsWY8AfMIdYyRvgFuTqH8	193.32.127.68:51820
ch-zrh-wg-005	dV/aHhwG0fmp0XuvSvrdWjCtdyhPDDFiE/nuv/1xnRM	193.32.127.70:51820
ch-zrh-wg-006	wDjbvO94t0UI1RlimpEFFv7kJ6DngthvuRX6uBN0wAA	193.32.127.84:51820
ch-zrh-wg-201	66NPINP4+1AlojLP0J6O9GxdloiegNnGMV4Yit9Kzg0	179.43.189.66:51820
ch-zrh-wg-202	gSLSfY2zNFRczxHndeda258z+ayMvd7DqTlKYlKWJUo	46.19.136.226:51820
ch-zrh-wg-401	45ud3I5O6GmPXTrMJiqkiPMI/ubucDqzGaiq3CHJXk8	138.199.6.194:51820
ch-zrh-wg-402	7VCMEE+Oljm/qKfQJSUCOYPtRSwdOnuPyqo5Vob+GRY	138.199.6.207:51820
ch-zrh-wg-404	zfNQqDyPmSUY8+20wxACe/wpk4Q5jpZm5iBqjXj2hk8	138.199.6.233:51820
ch-zrh-wg-502	6rXNS6RlZ9YLZQjaEbfzAmt/6izpuMg/8LYI9jBK+i0	135.136.18.194:51820
cl-scl-wg-001	03qeK7CSn6wcMzfqilmVt6Tf81VZIPWnSG04euSkyxM	149.88.104.2:51820
cl-scl-wg-002	rn9O+cXj0WQgZAkGCoYvvWgzaB5GcOaVfke3WKsp1Ro	149.88.104.15:51820
co-bog-wg-001	iaMa84nCHK+v4TnQH4h2rxkqwwxemORXM12VbJDRZSU	154.47.16.34:51820
co-bog-wg-002	IZDwbG9C/NrOOGVUrn+fDaPr8ZwD/yhvST7XWGk1ln8	154.47.16.47:51820
cy-nic-wg-001	Ae9YcQjcQT+W8MU0EhKXx6KPWo6ticS1NI91e+Zy5GA	195.47.194.131:51820
cy-nic-wg-002	LOd1SY9YCHGiJUVT+XdYRdORu6ZMw4CqOKQBW2ElLg8	195.47.194.161:51820
cz-prg-wg-101	tWVga+pS/Ztrbx/L/PBlaWPGhkI3PCPBzbQlCeXWqn8	146.70.129.98:51820
cz-prg-wg-102	cRCJ0vULwKRbTfzuo9W+fIt0fJGQE7DLvojIiURIpiI	146.70.129.130:51820
cz-prg-wg-201	5FZW+fNA2iVBSY99HFl+KjGc9AFVNE+UFAedLNhu8lc	178.249.209.162:51820
cz-prg-wg-202	ReGrGPKDHri64D7qeXmgcLzjsTJ0B/yM7eekFz1P/34	178.249.209.175:51820
de-ber-wg-001	0qSP0VxoIhEhRK+fAHVvmfRdjPs2DmmpOCNLFP/7cGw	193.32.248.66:51820
de-ber-wg-002	8ov1Ws0ut3ixWDh9Chp7/WLVn9qC6/WVHtcBcuWBlgo	193.32.248.67:51820
de-ber-wg-003	USrMatdHiCL5AKdVMpHuYgWuMiK/GHPwRB3Xx00FhU0	193.32.248.68:51820
de-ber-wg-004	6PchzRRxzeeHdNLyn3Nz0gmN7pUyjoZMpKmKzJRL4GM	193.32.248.69:51820
de-ber-wg-005	I4Y7e8LrtBC/7DLpUgRd5k+IZk+whOFVAZgbSivoiBI	193.32.248.70:51820
de-ber-wg-006	eprzkkkSbXCANngQDo305DIAvkKAnZaN71IpTNaOoTk	193.32.248.71:51820
de-ber-wg-007	/ejdxiEsmYbeXXCN6UzvzJ0U/mLuB6baIfQRYKYHWzU	193.32.248.75:51820
de-ber-wg-008	qwXs9gwhwqWgRtLjPiZ+zMphZJA3OStsn/aXcCAd5m0	193.32.248.74:51820
de-dus-wg-001	ku1NYeOAGbY65YL/JKZhrqVzDJKXQiVj9USXbfkOBA0	185.254.75.3:51820
de-dus-wg-002	TPAIPTgu9jIitgX1Bz5xMCZJ9pRRZTdtZEOIxArO0Hc	185.254.75.4:51820
de-dus-wg-003	XgSe9UwEV4JJNPPzFFOVYS6scMTL4DeNlwqBl32lDw0	185.254.75.5:51820
de-fra-wg-001	HQHCrq4J6bSpdW1fI5hR/bvcrYa6HgGgwaa5ZY749ik	185.213.155.73:51820
de-fra-wg-002	s1c/NsfnqnwQSxao70DY4Co69AFT9e0h88IFuMD5mjs	185.213.155.74:51820
de-fra-wg-003	vVQKs2TeTbdAvl3sH16UWLSESncXAj0oBaNuFIUkLVk	185.209.196.73:51820
de-fra-wg-004	tzYLWgBdwrbbBCXYHRSoYIho4dHtrm+8bdONU1I8xzc	185.209.196.74:51820
de-fra-wg-005	tpobOO6t18CzHjOg0S3RlZJMxd2tz4+BnRYS7NrjTnM	185.209.196.75:51820
de-fra-wg-006	nAF0wrLG2+avwQfqxnXhBGPUBCvc3QCqWKH4nK5PfEU	185.209.196.76:51820
de-fra-wg-007	mTmrSuXmTnIC9l2Ur3/QgodGrVEhhIE3pRwOHZpiYys	185.209.196.77:51820
de-fra-wg-008	+DuVLLPwGNlfZFoI24PRPdaTrO4i+WPDlYaOVcavHDo	185.209.196.78:51820
de-fra-wg-009	flq7zR8W5FxouHBuZoTRHY0A0qFEMQZF5uAgV4+sHVw	185.213.155.72:51820
de-fra-wg-101	wxbDlI3xb+Cc05XKb4usdKSzKe1byK7brmsHU2DJB14	146.70.117.2:51820
de-fra-wg-102	inG8qBhgEFhcs2EZsT9PezeWBI6+9p8tXeo0BojhpBQ	146.70.117.130:51820
de-fra-wg-103	V7g+GpphZny5CWgDdClejTQX3ImrYFRh+CVETeOWRBU	135.136.19.2:51820
de-fra-wg-104	WPaUZB1eO0W/F4GMDk8uVgqQfS5q4P9F53/pbLmlDjs	135.136.19.130:51820
de-fra-wg-301	dNKRyh2MkJGZdg9jyUJtf9w5GHjX3+/fYatg+xi9TUM	194.36.25.3:51820
de-fra-wg-303	2P+9SjwVCEnMDnBiYfZtQLq9p2S2TFhCM0xJBoevYk4	194.36.25.33:51820
de-fra-wg-401	AbM8fnQWmmX6Nv0Tz68LigPbGkamJgNjxgzPfENOdXU	169.150.201.2:51820
de-fra-wg-402	6/PBbPtoeWpJA+HZc9Iqg/PPQWD7mGVvZdwQlr1vtRk	169.150.201.15:51820
de-fra-wg-403	HWzSNMbQOQafkVp68B7aLRirhNJ6x5Wjw8/y7oUuHW0	169.150.201.28:51820
dk-cph-wg-001	egl+0TkpFU39F5O6r6+hIBMPQLOa8/t5CymOZV6CC3Y	45.129.56.67:51820
dk-cph-wg-102	oFSh/6OxGDc8LY+kCj9SNebPphDGM9UIeln0cseILxs	149.88.109.73:51820
dk-cph-wg-401	Jjml2TSqKlgzW6UzPiJszaun743QYpyl5jQk8UOQYg0	146.70.197.194:51820
dk-cph-wg-402	ML0NcFPqy+x+ZJg7y9vfh77hXAOtgueIqp1j+CJVrXM	146.70.197.130:51820
ee-tll-wg-001	bdq37KtfoG1Tm7yQcfitdRyGeZOn/c7PwLN+LgG/6nA	194.127.167.67:51820
ee-tll-wg-002	vqGmmcERr/PAKDzy6Dxax8g4150rC93kmKYabZuAzws	194.127.167.87:51820
ee-tll-wg-003	+8dUgpD7YA4wMPnRQkO7EI7AeYd30QPMKh/hOaaGIXY	194.127.167.107:51820
es-bcn-wg-001	asbfbY0oP07dBdmVNDSuO3o5rbkGnR56PkXTGXO7YFg	185.188.61.195:51820
es-bcn-wg-002	SoTWu5Cf7JSfaPVftMrTVzeyICGc7oc+ODl6GfqzUHA	185.188.61.225:51820
es-bcn-wg-101	TQDQ/SUW7pme5aRWFT4ugr9YAABS/uwJNZgqYKTM+iU	185.253.99.30:51820
es-bcn-wg-102	GqDjspXPQWM3V5nh1M9IhnxgiIwctvxuFyj73oYTRwo	185.253.99.98:51820
es-mad-wg-101	oPpPeyiQhUYqtOxwR387dmFfII8OK5LX2RPyns1rx2U	45.134.213.194:51820
es-mad-wg-102	1Wo/cQeVHX2q9k95nxN+48lgkGLsPQ+uesRb/9XdY1Y	45.134.213.207:51820
es-mad-wg-201	LyO4Xs1eV8JwFr63a1FRnKboQn2Tu/oeMzHhbr7Y6GU	146.70.128.194:51820
es-mad-wg-202	iehXacO91FbBqni2IFxedEYPlW2Wvvt9GtRPPPMo9zc	146.70.128.226:51820
es-vlc-wg-001	aEObX8ThiHcN/Y40UqY8dXaGMJsVQUWhrEphbpuQRkw	193.19.207.195:51820
es-vlc-wg-002	JEDqyG7iGjy/rYsE/9H7y0Sz8Sl+KWYYUvkPG7NnCjk	193.19.207.225:51820
fi-hel-wg-001	veLqpZazR9j/Ol2G8TfrO32yEhc1i543MCN8rpy1FBA	185.204.1.203:51820
fi-hel-wg-002	8BbP3GS01dGkN5ENk1Rgedxfd80friyVOABrdMgD3EY	185.204.1.211:51820
fi-hel-wg-003	FKodo9V6BehkNphL+neI0g4/G/cjbZyYhoptSWf3Si4	185.204.1.219:51820
fi-hel-wg-101	2S3G7Sm9DVG6+uJtlDu4N6ed5V97sTbA5dCSkUelWyk	193.138.7.137:51820
fi-hel-wg-102	xeHVhXxyyFqUEE+nsu5Tzd/t9en+++4fVFcSFngpcAU	193.138.7.157:51820
fi-hel-wg-103	Mlvu14bSD6jb7ajH/CiJ/IO8W+spB8H6VmdGkFGOcUQ	193.138.7.177:51820
fi-hel-wg-104	keRQGHUbYP2qgDTbYqOsI9byfNb0LOpTZ/KdC67cJiA	193.138.7.197:51820
fi-hel-wg-201	u+Ir9bnz8PtwXoJGQXvCxz6a+1NChEbBIox8KdWarxk	185.65.133.5:51820
fi-hel-wg-202	hAbVKL5Q0285gJ28nMSfztw7/FXJb+cxiKD2NMgPpTM	185.65.133.85:51820
fi-hel-wg-203	Ck25URxG+bxlgfJVZ0A6wm7xddltSu5t1yig3CgKBDM	185.65.133.165:51820
fr-bod-wg-001	y6dcYS7MPeApbLoWLahjku5w5cufnNkwHzj1iwDPpS0	45.134.79.67:51820
fr-bod-wg-002	ZBOJ2w5DqG35T1zjV/F1UgrXkDhNxObnwdm2FUwyu2o	45.134.79.97:51820
fr-mrs-wg-001	MOk2OTDEaFFN4vsCAgf+qQi6IlY99nCeDEzpXyo65wg	138.199.15.162:51820
fr-mrs-wg-002	Z0LEgZIPhNj0+/VWknU3roHlVI3qqAfoV6th9NSC0F0	138.199.15.146:51820
fr-par-wg-001	ov323GyDOEHLT0sNRUUPYiE3BkvFDjpmi1a4fzv49hE	193.32.126.66:51820
fr-par-wg-002	R5Ve+PJD24QjNXi2Dim7szwCiOLnv+6hg+WyTudAYmE	193.32.126.67:51820
fr-par-wg-003	w4r/o6VImF7l0/De3JpOGnpzjAFv9wcCu8Rop5eZkWc	193.32.126.68:51820
fr-par-wg-004	E/KjR7nlFouuRXh1pwGDr7iK2TAZ6c4K0LjjmA1A2Tc	193.32.126.69:51820
fr-par-wg-006	x0k8A2S7Dx7VNX2Yo2qRPZW/VefIogID5bVynklBugE	193.32.126.84:51820
fr-par-wg-007	D2o4woLw59apODi8NgvVtsbEJOAF5HRxXCp3R4mzGAs	193.32.126.83:51820
fr-par-wg-101	py4bg/TO5waXCoytaDpddP/qkI0tS1Wv3yAcgZ/A4wA	146.70.184.2:51820
fr-par-wg-103	BKxcFQnXCpgpGk38nDIWKgl6oeABN3GyyreMrOY7qh4	185.244.213.2:51820
fr-par-wg-301	gCYpOei4ZYsWJ3mOgCdQo6bnsRgdLNJR9SWEA69U7Gw	95.173.222.2:51820
fr-par-wg-302	CpbLl0WVeiW+YbJKNod5khzAI03D2hX2dhq2CCYc2Xc	95.173.222.31:51820
gb-glw-wg-001	xCPSxGj0QVKC637D8HpRsUUCaSfgAF4ephG/CjhQ2kU	185.201.188.3:51820
gb-glw-wg-002	tX+LKwiFvZhGtbuJq8e62+/vhogHNqdAdjHeoOlWqws	185.201.188.33:51820
gb-lon-wg-001	IJJe0TQtuQOyemL4IZn6oHEsMKSPqOuLfD5HoAWEPTY	141.98.252.130:51820
gb-lon-wg-002	J57ba81Q8bigy9RXBXvl0DgABTrbl81nb37GuX50gnY	141.98.252.222:51820
gb-lon-wg-003	VZwE8hrpNzg6SMwn9LtEqonXzSWd5dkFk62PrNWFW3Y	185.195.232.66:51820
gb-lon-wg-004	PLpO9ikFX1garSFaeUpo7XVSMrILrTB8D9ZwQt6Zgwk	185.195.232.67:51820
gb-lon-wg-005	bG6WulLmMK408n719B8nQJNuTRyRA3Qjm7bsm9d6v2M	185.195.232.68:51820
gb-lon-wg-006	INRhM0h4T1hi9j28pcC+vRv47bp7DIsNKtagaFZFSBI	185.195.232.69:51820
gb-lon-wg-007	MVqe9e9aDwfFuvEhEn4Wd/zWV3cmiCX9fZMWetz+23A	185.195.232.70:51820
gb-lon-wg-008	uHkxYjfx6yzPHSdyqYqSEHsgFNFV8QCSV6aghuQK3AA	141.98.252.138:51820
gb-lon-wg-201	b71Y8V/vVwNRGkL4d1zvApDVL18u7m31dN+x+i5OJVs	185.248.85.3:51820
gb-lon-wg-202	+iQWuT3wb2DCy1u2eUKovhJTCB4aUdJUnpxGtONDIVE	185.248.85.18:51820
gb-lon-wg-203	G7XDQqevQOw1SVL7Iarn9PM+RvmI6H/CfkmahBYEG0g	185.248.85.33:51820
gb-lon-wg-204	tJVHqpfkV2Xgmd4YK60aoErSt6PmJKJjkggHNDfWwiU	185.248.85.48:51820
gb-lon-wg-305	QCmRXGF/4sefzm5bdfXEcN/fYQGrb+F6HbOzI/FK4hU	146.70.119.2:51820
gb-lon-wg-306	zTM3WRyxGSqh+ZMUBXDynlyOWYkSG/J/eTFb8boDAkw	146.70.119.130:51820
gb-lon-wg-308	Piwplz/ROMLZqL/GEeH3//jcMYQ5oatOeWcKZOi0Nyk	135.136.58.130:51820
gb-mnc-wg-001	Q2khJLbTSFxmppPGHgq2HdxMQx7CczPZCgVpYZMoNnM	146.70.132.2:51820
gb-mnc-wg-002	1yWXDkKtU7NQU1349DS/nvGr0XjQgsZFhRt2P+fVtTg	135.136.22.2:51820
gb-mnc-wg-003	3pCAP2xIdWn3O83V9tzuF0W5fmLkhFO+od0VsU3Kiy0	135.136.22.130:51820
gb-mnc-wg-004	BvBubnaVVynalBjiHxHxbtBLLMBC+suHZdonTpBT4zg	135.136.21.2:51820
gb-mnc-wg-201	x3APiw/mxJzdD+3WAPxTFnvOZHVotm6SGomHtMoR4Hg	167.160.13.3:51820
gb-mnc-wg-202	OpQgffPufxbHQUbItRoezS2V+yAEBKZ10jfU82YIByI	167.160.13.127:51820
gr-ath-wg-101	li+thkAD7s6IZDgUoiKw4YSjM/U1q203PuthMzIJIU0	149.102.246.2:51820
gr-ath-wg-102	OL0gbjlNt1s26CDQjRP9wgMZbgYff7/xyUI8ypOn01s	149.102.246.15:51820
hk-hkg-wg-201	Oxh13dmwY6nNUa5rVHr7sLiFOj0fjzsaAUAUV87/nGs	103.125.233.18:51820
hk-hkg-wg-203	e3vqR6xVRps5ZlkL3/i6bHlrjeM/kNz+pWfSJ00UMQs	103.125.233.33:51820
hk-hkg-wg-301	qbvU06SBHXnqMnpb49rnE0yC4AOWQcWl2bEScu18dh8	146.70.224.2:51820
hk-hkg-wg-302	7FADgmd9KyAVs3eFJE/ob9tV3E6m/klONEEIOfCoPTU	146.70.224.66:51820
hk-hkg-wg-303	RtTENHB7VBUiowxtdAzopcb2Fvd+OFneN73k13oPUEo	146.70.224.196:51820
hr-zag-wg-001	PJvsgLogdAgZiVSxwTDyk9ri02mLZGuElklHShIjDGM	154.47.29.2:51820
hr-zag-wg-002	V0iDOyLSj870sjGGenDvAWqJudlPKDc212cQN85snEo	154.47.29.15:51820
hu-bud-wg-101	u+h0GmQJ8UBaMTi2BP9Ls6UUszcGC51y6vTmNr/y+AU	146.70.196.194:51820
hu-bud-wg-102	iEWLm2F4xV013ZETeZcT1dyUd5O+JnyndHso8RP8txw	146.70.196.130:51820
hu-bud-wg-201	RPhw+caiytSurUMQfZhEFlxGK83xcwWMNtXCkpTqJBI	79.127.182.130:51820
hu-bud-wg-202	xiC/w18znzSImAuzMYpP5NH+1T912cwZXo8M1V4Ruiw	79.127.182.160:51820
id-jpu-wg-001	XYQvOrRqu8j521Hy/8+jGRDLZoSAssOvCectyKz350Y	129.227.46.130:51820
id-jpu-wg-002	gWsH1w7lTYbsS+WxsE6w6vtXSAJoHM6PhDX5DFMYM1k	129.227.46.162:51820
ie-dub-wg-101	2r0vPpM71ZXpseWXTXw3iwn2sjIHOTpw1V9sp03bLWw	146.70.189.2:51820
ie-dub-wg-102	2RSnfqTRb0BL/bPaKGj0OA/qopQaNG1qtzEH2Y8JyjE	146.70.189.130:51820
ie-dub-wg-103	/Q7cQuVZo0IYckUncGSzRnQssR1DC5veZWaAnf/yDTI	130.195.213.130:51820
il-tlv-wg-101	XOedjVJaT2IrEDJbzvtZeL4hP5uPRHzFxvD1cwVwUFo	169.150.227.197:51820
il-tlv-wg-102	UNeML4rXjvOerAstTNf4gG5B+OfjVzjSQrWE6mrswD0	169.150.227.210:51820
il-tlv-wg-103	11FJ/NY3jaAw1PSYG9w7bxsMxAzlI+1p8/juh1LJPT0	169.150.227.222:51820
it-mil-wg-001	Sa9fFFthvihGMO4cPExJ7ZaWSHNYoXmOqZMvJsaxOVk	178.249.211.66:51820
it-mil-wg-002	RJ7e37UEP6hfyLQM/lJ2K5wcZOJQFhm2VhFaBniH1kg	178.249.211.79:51820
it-mil-wg-003	WOyki5Gzoez07X7D3jAhG68hpoiYIWAx1yypVbkQaVY	178.249.211.92:51820
it-mil-wg-201	XHwDoIVZGoVfUYbfcPiRp1LhaOCDc0A3QrS72i3ztBw	146.70.225.2:51820
it-mil-wg-202	y5raL0QZx2CpOozrL+Knmjj7nnly3JKatFnxynjXpE0	146.70.225.66:51820
it-pmo-wg-001	cE6s9wV8jfAa84sgXWJ5C4d769m5Ki/XA3rxPdMWhVw	149.22.91.66:51820
it-pmo-wg-002	bGtOejMzRDKzFR1gNBAi185dkr/5RtN+QiC8EVl4kU4	149.22.91.79:51820
jp-osa-wg-001	uhbuY1A7g0yNu0lRhLTi020kYeAx34ED30BA5DQRHFo	194.114.136.3:51820
jp-osa-wg-002	wzGXxsYOraTCPZuRxfXVTNmoWsRkMFLqMqDxI4PutBg	194.114.136.34:51820
jp-osa-wg-003	Pt18GnBffElW0sqnd6IDRr5r0B/NDezy6NicoPI+fG8	194.114.136.65:51820
jp-osa-wg-004	JpDAtRuR39GLFKoQNiKvpzuJ65jOOLD7h85ekZ3reVc	194.114.136.96:51820
jp-tyo-wg-001	AUo2zhQ0wCDy3/jmZgOe4QMncWWqrdME7BbY2UlkgyI	138.199.21.239:51820
jp-tyo-wg-002	zdlqydCbeR7sG1y5L8sS65X1oOtRKvfVbAuFgqEGhi4	138.199.21.226:51820
jp-tyo-wg-201	5YlME8hOnWqvZ7iSampvPW5bG/dJ+PYpaBFV5kfp9UA	146.70.201.2:51820
jp-tyo-wg-202	3NykAEXAdeaT0qFstBkJorW3PDsBRUHHbBUc6YoIzAs	146.70.201.130:51820
jp-tyo-wg-203	nkNCONMj0uw6/PV/t8R1TX7q2+DKNSDIUCnxvc0fWjs	135.136.55.2:51820
mx-qro-wg-001	yxyntWsANEwxeR0pOPNAcfWY7zEVICZe9G+GxortzEY	149.88.22.129:51820
mx-qro-wg-002	kGkalo3qvm8MynKdzwW7CGBYXkqRwGhHfYVssgKOWnU	149.88.22.142:51820
mx-qro-wg-003	hRamkTwXw0usPFDorPl2vf1qP8chczEBcqeV5bA1QDA	149.88.22.155:51820
mx-qro-wg-004	Q3yqhnYHK/bFjrd6yqti8gSV1gzOwvnl5N5tXuUxMyk	149.88.22.168:51820
my-kul-wg-001	RnwTFcAl6z4UfXio9ApLqlOjBcYvD0gWG0htl6fiCl4	98.98.47.130:51820
my-kul-wg-002	BVh+R5uifa9kn6fDNozd1OrnlGlV8qTr/IUIg0PDGl0	162.128.129.98:51820
ng-los-wg-001	nlpbIResE9vYypA9M/tKvfbUamsmCSawTqmq0cbVJjw	79.127.149.130:51820
ng-los-wg-002	Hel+ma9otIsWedjgK6Dp51t/WmUys+Q/hUqpvN7qBXg	79.127.149.159:51820
nl-ams-wg-001	UrQiI9ISdPPzd4ARw1NHOPKKvKvxUhjwRjaI0JpJFgM	193.32.249.66:51820
nl-ams-wg-002	DVui+5aifNFRIVDjH3v2y+dQ+uwI+HFZOd21ajbEpBo	185.65.134.82:51820
nl-ams-wg-003	if4HpJZbN7jft5E9R9wAoTcggIu6eZhgYDvqxnwrXic	185.65.134.83:51820
nl-ams-wg-004	hnRyse6QxPPcZOoSwRsHUtK1W+APWXnIoaDTmH6JsHQ	193.32.249.69:51820
nl-ams-wg-005	33BoONMGCm2vknq2eq72eozRsHmHQY6ZHEEZ4851TkY	193.32.249.70:51820
nl-ams-wg-006	xpZ3ZDEukbqKQvdHwaqKMUhsYhcYD3uLPUh1ACsVr1s	185.65.134.86:51820
nl-ams-wg-007	Os/BwxAIWehlypQ8QjrKVEK5PhY84b413+U3YWZJYXQ	185.65.134.76:51820
nl-ams-wg-008	hf+klJbIyUoGUaFHgac9W+yriwb9uvSnafDfnmEW9Hc	193.32.249.73:51820
nl-ams-wg-101	m9w2Fr0rcN6R1a9HYrGnUTU176rTZIq2pcsovPd9sms	92.60.40.194:51820
nl-ams-wg-102	uUYbYGKoA6UBh1hfkAz5tAWFv4SmteYC9kWh7/K6Ah0	92.60.40.209:51820
nl-ams-wg-103	CE7mlfDJ4gpwLPB/CyPfIusITnGZwDI9v4IlVueGT24	92.60.40.224:51820
nl-ams-wg-201	vt+yTcpxWvH8qiSncd1wSPV/78vt2aE2BBU8ZbG7x1Q	169.150.196.2:51820
nl-ams-wg-202	BChJDLOwZu9Q1oH0UcrxcHP6xxHhyRbjrBUsE0e07Vk	169.150.196.15:51820
nl-ams-wg-203	M5z8TKjJYpIJ3FXoXy7k58IUaoVro2tWMKSgC5WIqR8	169.150.196.28:51820
no-osl-wg-001	jOUZjMq2PWHDzQxu3jPXktYB7EKeFwBzGZx56cTXXQg	176.125.235.71:51820
no-osl-wg-002	IhhpKphSFWpwja1P4HBctZ367G3Q53EgdeFGZro29Tc	176.125.235.72:51820
no-osl-wg-003	zOBWmQ3BEOZKsYKbj4dC2hQjxCbr3eKa6wGWyEDYbC4	176.125.235.73:51820
no-osl-wg-101	QXR6DwdWn2urvyVNt5pFulLuhkyeuTp2STwGgEQ6Ehw	141.98.253.5:51820
no-osl-wg-102	MlS7Fep/Lx6d0j2c+ZWPWECAC+OpGVRq/NV4AWvw+C8	141.98.253.85:51820
no-osl-wg-103	7aoQqj/A9rVeZmuT6kCRPuQ4Pf0yy2T2RlTo7P8LYGE	141.98.253.165:51820
no-svg-wg-001	kduYoE/b1mA2Pjszx1CzE4Lktsdc2zsUU8Relul2m2U	194.127.199.2:51820
no-svg-wg-002	U9fbFesIIr2HotWdkfMpKyOEPk+RYtE2oYn3KoLmkj4	194.127.199.31:51820
no-svg-wg-003	btc4mh3n9jVCW6yikw3cOPct0x3B5cDK+kKnvgCV0S0	194.127.199.62:51820
no-svg-wg-004	Fu98PLCZw/FTcQqyTy0vzaepkfxuSLAah7wnafGVO1g	194.127.199.93:51820
nz-akl-wg-301	BOEOP01bcND1a0zvmOxRHPB/ObgjgPIzBJE5wbm7B0M	103.75.11.50:51820
nz-akl-wg-302	80WGWgFP9q3eU16MuLJISB1fzAu2LM2heschmokVSVU	103.75.11.66:51820
nz-akl-wg-303	1G7/wskBBlY77PXMV3sSAv4eCm5IPjxx99Wlfs58QSI	103.75.11.98:51820
pe-lim-wg-001	S4j4wshSstg9Au6ewFWr9vsZ8giovGPpKbKehXN8Nwc	95.173.223.130:51820
pe-lim-wg-002	y7LsVrzYjeMLlTZmVUuuDkFvJp0kONC6+w+wP0gUIyo	95.173.223.159:51820
ph-mnl-wg-001	hORxMf/YMmN2/8VWOnTCdgGzGfEyXUEQQ5EBfoCyFDM	129.227.118.162:51820
ph-mnl-wg-002	TfNj4SJuIZzaXSxulpNzreDZXcX6GJJj+UYpqA2XMVE	156.59.127.194:51820
pl-waw-wg-101	fO4beJGkKZxosCZz1qunktieuPyzPnEVKVQNhzanjnA	45.134.212.66:51820
pl-waw-wg-102	nJEWae9GebEY7yJONXQ1j4gbURV4QULjx388woAlbDs	45.134.212.79:51820
pl-waw-wg-103	07eUtSNhiJ9dQXBmUqFODj0OqhmbKQGbRikIq9f90jM	45.134.212.92:51820
pl-waw-wg-201	XwFAczY5LdogFwE9soDecXWqywSCDGuRyJhr/0psI00	45.128.38.226:51820
pl-waw-wg-202	nyfOkamv1ryTS62lsmyU96cqI0dtqek84DhyxWgAQGY	146.70.144.34:51820
pt-lis-wg-201	JCAe7D/owe11Ii2rhpIKhGZvP/V1P1cVZwZAjpSRqmc	149.88.20.206:51820
pt-lis-wg-202	5P4CQYQeSozk/3KQZh/kl7tUMFGgRB60Ttx6x2nh+F8	149.88.20.193:51820
pt-lis-wg-301	A2+7EIVBsq1jZlnx0AWb8xkoaTkkn8LRFwAl3Qb/xTc	185.92.210.195:51820
pt-lis-wg-302	4V8TnXninUL+vjZqXKUIFnBPOhjFEicdVHa5ZMZhSzc	185.92.210.225:51820
ro-buh-wg-001	xpKhRTf9JI269S2PujLbrJm1TwIe67HD5CLe+sP4tUU	146.70.124.130:51820
ro-buh-wg-002	Ekc3+qU88FuMfkEMyLlgRqDYv+WHJvUsfOMI/C0ydE4	146.70.124.194:51820
rs-beg-wg-101	Orrce1127WpljZa+xKbF21zJkJ9wM1M3VJ5GJ/UsIDU	146.70.193.2:51820
rs-beg-wg-102	35lawt+YUx10ELTFhZhg4/xzXRmjxCl/j1O4RK5d60M	146.70.193.66:51820
se-got-wg-001	5JMPeO7gXIbR5CnUa/NPNK4L5GqUnreF0/Bozai4pl4	185.213.154.66:51820
se-got-wg-002	AtvE5KdPeQtOcE2QyXaPt9eQoBV3GBxzimQ2FIuGQ2U	185.213.154.67:51820
se-got-wg-003	BLNHNoGO88LjV/wDBa7CUUwUzPq/fO2UwcGLy56hKy4	185.213.154.68:51820
se-got-wg-004	veGD6/aEY6sMfN3Ls7YWPmNgu3AheO7nQqsFT47YSws	185.213.154.69:51820
se-got-wg-005	x4h55uXoIIKUqKjjm6PzNiZlzLjxjuAIKzvgU9UjOGw	185.209.199.2:51820
se-got-wg-007	ywfkKYdoVAnjsSYW145ACtrw3DV8xTzFS1hlIO7QRD4	185.209.199.12:51820
se-got-wg-008	Vh3Y2LsBG1yN4kDeebOr3J6dFooGJIBTftzVqlWhiD4	185.209.199.17:51820
se-got-wg-101	B8UVAeNkAW4NiGHd1lpl933Drh4y7pMqpXJpH0SrGjQ	185.213.154.70:51820
se-mma-wg-001	Qn1QaXYTJJSmJSMw18CGdnFiVM0/Gj/15OdkxbXCSG0	193.138.218.220:51820
se-mma-wg-002	5y66WShsFXqM5K7/4CPEGCWfk7PQyNhVBT2ILjbGm2I	193.138.218.80:51820
se-mma-wg-003	fZFAcd8vqWOBpRqlXifsjzGf16gMTg2GuwKyZtkG6UU	193.138.218.83:51820
se-mma-wg-004	m4jnogFbACz7LByjo++8z5+1WV0BuR1T7E1OWA+n8h0	193.138.218.130:51820
se-mma-wg-005	qnJrQEf2JiDHMnMWFFxWz8I9NREockylVgYVE95s72s	193.138.218.82:51820
se-mma-wg-011	vclzw8ytARhkEqw4cLUJPC3REvMZqWsO+7TYD/U2UVk	141.98.255.94:51820
se-mma-wg-012	aPcHJj3I1oISU8cwLz2Uyq4ctUOXdTpuS96aW89snUs	141.98.255.97:51820
se-mma-wg-102	cwglRdgLQ4gMG36TIYlc5OIemLNrYs4UM1KTc8mnzxk	45.83.220.69:51820
se-mma-wg-103	XscA5gebj51nmhAr6o+aUCnMHWGjbS1Gvvd0tuLRiFE	45.83.220.70:51820
se-mma-wg-111	vi0PPk0ZCDvDMCSQD0mctmPFFH7NiawLxJquyPIGwAY	45.129.59.19:51820
se-mma-wg-112	bysuFAwy+jwl5IePhY06/j7ByWDsAtU5pKPo44k4qEY	45.129.59.129:51820
se-sto-wg-001	MkP/Jytkg51/Y/EostONjIN6YaFRpsAYiNKMX27/CAY	185.195.233.76:51820
se-sto-wg-002	q2ZZPfumPaRVl4DJfzNdQF/GHfe6BYAzQ2GZZHb6rmI	185.65.135.67:51820
se-sto-wg-003	qZbwfoY4LHhDPzUROFbG+LqOjB0+Odwjg/Nv3kGolWc	185.65.135.68:51820
se-sto-wg-007	YD4k8xaiw2kcRhfLRf2UiRNcDmvvu5NV0xT4d5xOFzU	185.65.135.70:51820
se-sto-wg-008	4nOXEaCDYBV//nsVXk7MrnHpxLV9MbGjt+IGQY//p3k	185.65.135.71:51820
se-sto-wg-009	t1XlQD7rER0JUPrmh3R5IpxjUP9YOqodJAwfRorNxl4	185.195.233.69:51820
se-sto-wg-010	pWhNidLbYca9j66c7iw/3kgtU+UyFRIgc75xy8riqzg	185.195.233.70:51820
se-sto-wg-011	GqKpm8VwKJQLQEQ0PXbkRueY9hDqiMibr+EpW3n9syk	185.195.233.71:51820
se-sto-wg-012	1493vtFUbIfSpQKRBki/1d0YgWIQwMV4AQAvGxjCNVM	185.195.233.66:51820
se-sto-wg-013	u3pZZjXm0NHCNqPIhKlZ7Vy6CQm5G9YpfgvaywurTho	185.195.233.67:51820
se-sto-wg-014	DYlwUsH63DLjEfKC9yq7P+FoQx99WdKvZGGhXoUZVgk	185.195.233.68:51820
se-sto-wg-201	V5RUvv8xp3xYc9b/KoGjTL6EUEb2mTv+8egxuEvUAnc	89.37.63.10:51820
se-sto-wg-202	S4fVJ6wjUxrRQsDZwWvKVLtcNBJgoSshkqy3wXWG0UM	89.37.63.66:51820
se-sto-wg-203	mkBf9JhtMPHS3w0FfJOwSS5kfmUQ0RGSLXBdxUNlzTs	89.37.63.129:51820
se-sto-wg-204	cPhM7ShRWQmKiJtD9Wd1vDh0GwIlaMvFb/WPrP58FH8	89.37.63.190:51820
se-sto-wg-205	9V4G5BERZI4xHudcIf5wdDG77XZSY08lVEiXrAGXuEE	170.62.100.10:51820
se-sto-wg-206	9KHMuwHqa1Mx2VrKX3cvqLN/ZPDjH5/z0q+IWbfrmW8	170.62.100.66:51820
se-sto-wg-207	OatHF/w6fOg8w2415s8zPSXw6LtcYOm+90pqyJ5ZsVY	170.62.100.129:51820
se-sto-wg-208	HozGhf1OfjFEASBzjmktB9AKkIgbC+OhSabZKwT6EHc	170.62.100.170:51820
se-sto-wg-209	r3360zyxOKxUthx90sfRkLZBt1Q5alk45/H9Dkq5kFM	170.62.100.211:51820
sg-sin-wg-001	sFHv/qzG7b6ds5pow+oAR3G5Wqp9eFbBD3BmEGBuUWU	138.199.60.2:51820
sg-sin-wg-002	WM5I4IFwQcVysM4fF4NXZtQXNrSkqVWkQxNPPygOiF0	138.199.60.15:51820
sg-sin-wg-003	3HtGdhEXUPKQIDRW49wCUoTK2ZXfq+QfzjfYoldNchg	138.199.60.28:51820
sg-sin-wg-101	KB6ZA1PAixd74c+mO0VBY4j7LaitK8B4L1APbFIQyQ0	146.70.199.194:51820
sg-sin-wg-102	qrhHOwk0ree+LFxW6htvGEfVFuhM2efQ/M+4p0sx/gA	146.70.199.130:51820
si-lju-wg-001	fXWKnogYH3IORGePtkyFg3r/56ZQGkF6hjdw2svhmw8	93.115.0.3:51820
si-lju-wg-002	HkPoWKRG/KV2C8afaaah9Jl5lYuvJo1loCaFadKDZVU	93.115.0.33:51820
sk-bts-wg-001	QEVIaIycN8p5twXCuZeQTEj9utozakw/MU8H6+/whls	138.199.34.129:51820
sk-bts-wg-002	JeEuObwimNmoVtPn4kpMI1y1UM+IChGVBLtmP3CNNVQ	138.199.34.143:51820
th-bkk-wg-001	zX6pm3TVJe7rjQ9GrFH1IY29vw/PJL6LGh3/ALxEyx4	156.59.50.194:51820
th-bkk-wg-002	L8CCv3NWDaMyUh4dxO44LSy07ETWCcWBeeGFyQZIlyo	156.59.50.226:51820
tr-ist-wg-001	jPhK/ziQfJ1Z5GCPj+qR3A7YV2mIQSQtEPCRuG7TUW8	149.102.229.129:51820
tr-ist-wg-002	TDHn9OvFYoHh9nwlYG7OCpPRvCjfODUOksSQPzhguTg	149.102.229.158:51820
ua-iev-wg-001	PO2o3ewguPP24wLy8bbDqx1xuAnTOIVzdzVGVT0d8kU	149.102.240.79:51820
ua-iev-wg-002	HUj/J8Rxx7QVGh3kJsFgPZoqtm2BQIX03vKJSIyTOSo	149.102.240.66:51820
us-atl-wg-001	nvyBkaEXHwyPBAm8spGB0TFzf2W5wPAl8EEuJ0t+bzs	45.134.140.130:51820
us-atl-wg-002	ECeGYeh8CfPJO3v56ucCDdl+PlKcj2bBszUGkT+hVWQ	45.134.140.143:51820
us-atl-wg-401	49LoowbQpQfc/Yw+1DZ0A/Gien3wRnxwJzvo7Gz8Zhw	23.234.108.3:51820
us-atl-wg-402	9CYtFK8cSKxzEiFYpiCuKgYnjMO5Jqri2iFiG2lDUlM	23.234.108.127:51820
us-atl-wg-403	a64LFZfr0htAq1mk5EvVPmQPi52oboISpVUHaYKGE1E	23.234.109.3:51820
us-atl-wg-404	kYm0GM0/fD37iCZM3+60vAxRV1w/PUW+WQkYV14QZFo	23.234.109.127:51820
us-atl-wg-405	643HR3VhN/WVydahUwuKL/e8jT8UNDHduBfDPMF/2E8	23.234.110.3:51820
us-atl-wg-406	spmw1nZv6lgKC/T1KMSuLKyAfCifmrxCdXvVPNhQFCY	23.234.110.127:51820
us-atl-wg-407	e2UcVruvaIHcCXYjaHe6alKbZW/Qc9lbYzYh1AckWEU	23.234.111.3:51820
us-atl-wg-408	x3sKDqtdNIUhOjCiZCzMSZmoMps20J0JloSQMebYK2o	23.234.111.127:51820
us-bos-wg-001	CsysTnZ0HvyYRjsKMPx60JIgy777JhD0h9WpbHbV83o	43.225.189.131:51820
us-bos-wg-101	oxJ2PIqrQOmS0uiyXvnxT64E1uZnjZDWPbP/+APToAE	149.40.50.98:51820
us-bos-wg-102	wcmmadJObux2/62ES+QbIO21BkU7p2I0s6n4WNZZgW0	149.40.50.112:51820
us-chi-wg-201	+Xx2mJnoJ+JS11Z6g8mp6aUZV7p6DAN9ZTAzPaHakhM	87.249.134.1:51820
us-chi-wg-202	rmN4IM0I0gF7V9503/xnQMOLsu9txl8GTqci9dgUO18	87.249.134.14:51820
us-chi-wg-203	V0ilKm3bVqt0rmJ80sP0zSVK4m6O3nADi88IQAL5kjw	87.249.134.27:51820
us-chi-wg-301	g9Dlad9R9OcM9w1yu3gq9pQWARQBc3Muj4KfeRY1p20	68.235.46.2:51820
us-chi-wg-302	rEVQ7I5Ckvg44uLaSg1l085FcQvFHfM01hMfHxyAQz0	68.235.46.33:51820
us-chi-wg-303	DfmNHT84TTS6JcJJfZJwT7tZZVgKIKRJU/2AE5sJ6A4	68.235.46.64:51820
us-chi-wg-304	Tr2rkoiqX7bERbeLMDw9CLiTaB0dp9/Fov/Ytz3C+xY	68.235.46.95:51820
us-chi-wg-305	jx/3CJiJRozty6hUTs40M/Swhfcch0z3yElmS1VKoVg	68.235.46.126:51820
us-chi-wg-306	WlEbNkNAx/186YZH/UPE6YWkMyAMxRpMRP+IqWrq+TE	68.235.46.157:51820
us-chi-wg-307	U9UAYlVm8nXZjWPrF/vbb1P9oqSRmHo+IfK52yDYpGo	68.235.46.188:51820
us-chi-wg-308	gJsL4BfGcf2QOLGY1Std2Mjg6V2t2w7T2FScANlkJ2I	68.235.46.209:51820
us-chi-wg-309	HMvcz+L7tNQc6FRMkkRDV7BUPzBH8SW74gN7yarX+hk	173.249.252.2:51820
us-chi-wg-310	bJLgTMbt7cx1lKyWzOwW3+Lqc0n6OOXu/iTerXZxawY	173.249.252.127:51820
us-chi-wg-311	9oEgVktX3TUJI5XPWnvVHszj1Q44ix6VDN0CqS0eglc	173.249.253.2:51820
us-chi-wg-312	XzMA3EWGePHQ6ko5XImi4m3TphQqjq9++A8XPfre/0A	173.249.253.127:51820
us-chi-wg-313	/xG21lmyVnh9eSbTP2iYWCM4SIw1QCkKyFKGBkoJlXM	173.249.254.2:51820
us-chi-wg-314	2UyKDI5jY9Nlys5aiOUh8piEfF0wFBZsk7WToNQ8HTk	173.249.254.127:51820
us-chi-wg-315	q8TC/ILZWlaydPdkJLkL/pWB8qrK0dWkKtZMGqEElh8	173.249.255.2:51820
us-chi-wg-316	5oGrphw1JoWMIeJUHytMdOKvyxx5P4l7OyP/uTYDmyg	173.249.255.127:51820
us-dal-wg-001	EAzbWMQXxJGsd8j2brhYerGB3t5cPOXqdIDFspDGSng	146.70.211.66:51820
us-dal-wg-002	OYG1hxzz3kUGpVeGjx9DcCYreMO3S6tZN17iHUK+zDE	146.70.211.2:51820
us-dal-wg-003	jn/i/ekJOkkRUdMj2I4ViUKd3d/LAdTQ+ICKmBy1tkM	146.70.211.130:51820
us-dal-wg-401	xZsnCxFN7pOvx6YlTbi92copdsY5xgekTCp//VUMyhE	37.19.200.156:51820
us-dal-wg-402	sPQEji8BhxuM/Za0Q0/9aWYxyACtQF0qRpzaBLumEzo	37.19.200.143:51820
us-dal-wg-403	4s9JIhxC/D02tosXYYcgrD+pHI+C7oTAFsXzVisKjRs	37.19.200.130:51820
us-dal-wg-601	353XrBhmW0VisDN/ztYLb7WwnxQUTnL9Ys5FBPUHHVw	103.102.246.3:51820
us-dal-wg-603	Y5SK28yMGjcZVByWZkMb24KdmbmY07mDnwLN6817yEE	103.102.247.3:51820
us-dal-wg-604	7Wyh9lX1nIkKfIpwUywcSUVF8pOxP0c04EehfEeIWg4	103.102.247.127:51820
us-dal-wg-701	pl4AW+ZGaOknJlgTbACqwihOe+A3GC5aALB74RLTFF8	23.234.104.2:51820
us-dal-wg-702	UNyJnd4U9T7P+v1/NZzIBPMl83+maIY+J9NWTP0bskc	23.234.104.127:51820
us-dal-wg-703	A+PTuYy2zuYfHcKs9VZU7bgXSC0/PNndLuUD6xxgaRQ	23.234.105.2:51820
us-dal-wg-704	DlDMRNqq5oppRQaCWz8XKAccxtjCW2jSjBWGdY77BQw	23.234.105.127:51820
us-dal-wg-705	vaI2uM3xjXYxvtWMkAwRwuWMI/vlJNxsfwTAILvUNHM	23.234.106.2:51820
us-dal-wg-706	vO4TIJsyvNnSH+m9iwoM1BLJokFa80YsCpMjnC8FMzc	23.234.106.127:51820
us-dal-wg-707	MnFc+hUAUSIID/PykPuUPoYlMbRBbFkGK1nIlHSeJEs	23.234.107.2:51820
us-dal-wg-708	I8b0Y+odQGMzuMQi+P2fbZF+FiR3rmyZsAc1SIGzNUo	23.234.107.127:51820
us-den-wg-101	74U+9EQrMwVOafgXuSp8eaKG0+p4zjSsDe3J7+ojhx0	37.19.210.1:51820
us-den-wg-102	T44stCRbQXFCBCcpdDbZPlNHp2eZEi91ooyk0JDC21E	37.19.210.14:51820
us-den-wg-103	Az+PGHQ0xFElmRBv+PKZuRnEzKPrPtUpRD3vpxb4si4	37.19.210.27:51820
us-den-wg-201	MsF1hhYtyCsvPt4B8f48biVcVYd692STflhcbKwTGAw	23.234.68.2:51820
us-den-wg-202	YP20qT+/cY/sbBhlXo6fWZlfVhRU+emQlZ1am+vUNnw	23.234.68.127:51820
us-den-wg-203	D8TSWEfmRIm1qMS0RgO8uireFMMZCMi+XxhIJ2jPBEU	23.234.69.2:51820
us-den-wg-204	DZcEpwNSf+6BoDcHknHBVPwAA0ZJjz7DgQ+llATpAzg	23.234.69.127:51820
us-den-wg-205	0LQQJLKBZD0Wf0s0nwFfyMW0MMEKoxNPZ14ZbxkogiY	23.234.70.2:51820
us-den-wg-206	Y4waCBM7GE9iOT+xl9PcZ2mNKGiawEOBv8UkH84CaAo	23.234.70.127:51820
us-den-wg-207	nUnmeY34CDLjW4Q3TAbJQ168jVXmkY4MVAp28rmpzEc	23.234.71.2:51820
us-den-wg-208	Fo6J7nLUeSnNPenB1NiPoivVod3m4fN4OE5yjafxYXY	23.234.71.127:51820
us-det-wg-001	+USmlxhnLmlNkDnBbu+rXwjUwa383e0ilYEqPkEkNHA	185.141.119.131:51820
us-det-wg-002	cYqP1UqhOYuaj47e4jAbgL55h52L+ALjtML26OtBvFU	185.141.119.161:51820
us-hou-wg-001	NKscQ4mm24nsYWfpL85Cve+BKIExR0JaysldUtVSlzg	37.19.221.130:51820
us-hou-wg-002	tzSfoiq9ZbCcE5I0Xz9kCrsWksDn0wgvaz9TiHYTmnU	37.19.221.143:51820
us-hou-wg-003	fNSu30TCgbADxNKACx+5qWY6XGJOga4COmTZZE0k0R4	37.19.221.156:51820
us-hou-wg-004	NkZMYUEcHykPkAFdm3dE8l2U9P2mt58Dw6j6BWhzaCc	37.19.221.169:51820
us-lax-wg-001	zqsfGglzJPY657WMRxf/S4omG7+ZkSDIpDq+ggbc9yo	23.234.72.2:51820
us-lax-wg-002	sgcr0zSYzfspx4lD38bl3Nb9X7gtJiFLAVE2rqaDjxE	23.234.72.127:51820
us-lax-wg-003	kZkubkNYgzXKAWuF70RA/XGhOxorA4C3Ph3v4t+LThM	23.234.73.2:51820
us-lax-wg-004	5E2RphAlOuRZjhDLr5ZfRscrWJST3IkMsxEtbrJsEno	23.234.73.127:51820
us-lax-wg-005	U3GkeSnBuP8WmQ90Nw99Q6+lrTbgIsCD2VLpVOkRQhI	23.234.74.2:51820
us-lax-wg-006	I8vdSZuJhYHhbidl21oXgiNtnHla9gjgZdm8G5UNKGU	23.234.74.127:51820
us-lax-wg-007	7O2meGDMGbd6HXpRQi7ZiuF5l4JQAoV7BejdNgiLZFQ	23.234.75.2:51820
us-lax-wg-008	8qtzkafLNGJkfgtuYc8bPeKN0apyyZrZ3Pq4tCkqIxc	23.234.75.127:51820
us-lax-wg-201	xWobY7DWTL+vL1yD4NWwbQ3V4e8qz10Yz+EFdkIjq0Y	169.150.203.2:51820
us-lax-wg-202	SDnciTlujuy2APFTkhzfq5X+LDi+lhfU38wI2HBCxxs	169.150.203.15:51820
us-lax-wg-203	W6/Yamxmfx3geWTwwtBbJe/J8UdEzOfa6M+cEpNPIwg	169.150.203.28:51820
us-lax-wg-402	EKZXvHlSDeqAjfC/m9aQR0oXfQ6Idgffa9L0DH5yaCo	146.70.173.66:51820
us-lax-wg-403	mBqaWs6pti93U+1feyj6LRzzveNmeklancn3XuKoPWI	146.70.173.130:51820
us-lax-wg-404	YGl+lj1tk08U9x9Z73zowUW3rk8i0nPmYkxGzNdE4VM	146.70.173.194:51820
us-lax-wg-405	Pe86fNGUd+AIeaabsn7Hk4clQf1kJvxOXPykfVGjeho	146.70.172.2:51820
us-lax-wg-406	K3KF3TCWbYcHF5XHL2zaifvQGHrPWoCjFYxDaJO71GA	146.70.174.2:51820
us-lax-wg-407	1nGkBr+oLwK5lQcVt9vF6rGM5R3ra5bmYTGJfGIh0lk	146.70.172.66:51820
us-lax-wg-408	9L5cW9VuUJUS2gH6H7ln2JeCI66fMnnjLiD5UymAtlo	146.70.172.130:51820
us-lax-wg-409	V+LTWA5DxEVITAXqHexqBzeZo95b8r+3WR8g1FsbPQ4	146.70.172.194:51820
us-lax-wg-601	oA6/33kBggrBOJ7z+uo5gZW6L1w2zYcCILKXXax8knY	23.162.40.3:51820
us-lax-wg-602	oLu1H6C8YaoWtmaPzAFboFX8r102Wb1uma9spVPqAX8	23.162.40.127:51820
us-lax-wg-603	qeojNB247YQbT0/ysFyZDjs9RJ6Y4bFaKCLu6PjeMxA	23.159.216.3:51820
us-lax-wg-604	GKl6nhOl96/1AJtVCdEZpOO6F0BS5/TMkrjdH2fb93A	23.159.216.127:51820
us-lax-wg-605	DbZksYqiYPGxOEF7iIaAiyN4+hZc+8HcuMMqpLW3XmA	23.160.24.3:51820
us-lax-wg-606	AW1YO/vYtXJioBmD8BhSGpz1DQNIQeU+jOu+3F7KBDY	23.160.24.127:51820
us-lax-wg-607	ItEcyDXwTXtq6bQubbO6lY0K/oh0dfk26AV+muU+Ah4	23.168.216.3:51820
us-lax-wg-608	ikLR1TUKk+PTWFnydqwZ9m0HaD1dPaMNI9DwZTvzYBs	23.168.216.127:51820
us-lax-wg-701	EM/33kdl9RiNOF5jvwtp/nfchPAD/sq7MJleg1bZikU	103.251.26.3:51820
us-lax-wg-702	ddv7vosBlf396nOa79nWn6qXQu2LzezGXfNUDO3hAXQ	103.251.26.127:51820
us-lax-wg-703	/FWUNK2WlEQbmwYaXuTzUmtshvIYvJnKWVnuqgzlfXw	103.251.27.3:51820
us-lax-wg-704	KPjr8jrGP3dVI+GbMq2LNc9eREW6EhGHndoSWHqakxE	103.251.27.127:51820
us-mia-wg-001	FVEKAMJqaJU2AwWn5Mg9TK9IAfJc4XDUmSzEeC/VXGs	45.134.142.219:51820
us-mia-wg-002	H5t7PsMDnUAHrR8D2Jt3Mh6N6w43WmCzrOHShlEU+zw	45.134.142.206:51820
us-mia-wg-003	N/3F0QvCuiWWzCwaJmnPZO53LZrKn6sr7rItecrQSQY	45.134.142.193:51820
us-mia-wg-101	Mn0lrr3cYuJQyIqWGSWv99MwJAS+VqlYmODpOpY3e0U	146.70.187.2:51820
us-mia-wg-102	4X0whnzbu8PkdJd9znks3vXx4JyI0asFf/241XjPdks	146.70.187.130:51820
us-mia-wg-103	AvtyY8vuNyROYZQYnBCk5UTsfxb8J43Ztm9cjuHMBUg	135.136.36.2:51820
us-mkc-wg-001	0EwMQYJ2uo6xu0C3lOEfsxMdc4NpFOURVc0JPJqkhlI	23.234.116.3:51820
us-mkc-wg-002	XeYfktwZerrhrXzVVEd9FQUw5MaUwv2gZmkTJWK8wSU	23.234.116.127:51820
us-mkc-wg-003	FOPZvXEnM1XWHH+WY17JX25N4EwJz6SSmqmAxP5y7CA	23.234.117.3:51820
us-mkc-wg-004	8ueNKHj+2nbTpnnv4MpxY98VrhtIKSMMwh0R9HF6iyE	23.234.117.127:51820
us-mkc-wg-005	KHbQz9XJVVj5M/sK3azWfgNyybdLNOjXahnHIzYYqXY	23.234.118.3:51820
us-mkc-wg-006	bQWDsoitERBoPnP0AXI/jCUhk4AX8cMFbhCW93wn3HM	23.234.118.127:51820
us-mkc-wg-007	e7BOh4K+tNWSnwUMWKI7yDCiskyamqXtpLjcg00KTn8	23.234.119.3:51820
us-mkc-wg-008	9PByPs4okeg0lWhPYkW7tuyw1XKy5+BKhgVuQbxSOk4	23.234.119.127:51820
us-mkc-wg-101	Nk6dTIVRHBQzIZ6CUrJH7l4dItXEz3XOSBwmI933WUo	155.2.191.3:51820
us-mkc-wg-102	ie5ag1xd2x/P3fxodzB21vPbLEmqhtfqKcUs1OR0BDs	155.2.191.53:51820
us-mkc-wg-103	5dpXegNTyOFwWswBaJxViEwrXSAgC+Je9KokpT1sdjU	155.2.191.103:51820
us-mkc-wg-104	wugRpkJNlfAV2lE3p1UXsTfZtO8JYWEdA9ZMLFeF3G4	155.2.191.153:51820
us-mkc-wg-105	9w1yXK8tpAKZ2au6JHcu+L7TytOYmmZo9q7qfCwa1U8	155.2.191.203:51820
us-nyc-wg-301	IzqkjVCdJYC1AShILfzebchTlKCqVCt/SMEXolaS3Uc	143.244.47.65:51820
us-nyc-wg-302	gH/fZJwc9iLv9fazk09J/DUWT2X7/LFXijRS15e2n34	143.244.47.78:51820
us-nyc-wg-303	KRO+RzrFV92Ah+qpHgAMKZH2jtjRlmJ4ayl0gletY3c	143.244.47.91:51820
us-nyc-wg-501	FMNXnFgDHNTrT9o49U8bb3Z8J90LZzVJPpRzKtJM9W8	146.70.165.2:51820
us-nyc-wg-502	cmUR4g9aIFDa5Xnp4B6Zjyp20jwgTTMgBdhcdvDV0FM	146.70.165.130:51820
us-nyc-wg-504	MVa5yuoYnjXJtSCeBsyvaemuaK4KFN1p78+37Nvm2m0	146.70.166.130:51820
us-nyc-wg-505	jrjogHbVDuPxyloBldvtB51TmebNJo+4rW2JFrN33iM	146.70.166.194:51820
us-nyc-wg-506	IjdtI6sz8ZjU5tlK3eW4HAPp+GRvHErDtqxBcr8JvTM	146.70.165.66:51820
us-nyc-wg-601	OKyEPafS1lnUTWqtVeWElkTzcmkvLi9dncBHbSyFrH8	146.70.185.2:51820
us-nyc-wg-602	4Lg7yQlukAMp6EX+2Ap+q4O+QIV/OEZyybtFJmN9umw	146.70.168.130:51820
us-nyc-wg-603	s3N8Xeh6khECbgRYPk9pp5slw2uE0deOxa9rSJ6bzwE	146.70.168.66:51820
us-nyc-wg-604	FIcFPDjxfF24xBrv+W7Bcqb2wADSWd+HAWPKYo6xZEk	146.70.171.66:51820
us-nyc-wg-605	78nFhfPEjrfOxBkUf2ylM7w6upYBEcHXm93sr8CMTE4	146.70.171.130:51820
us-nyc-wg-606	a8+VB6Cgah7Q5mWY860VfgU/h3Zf+pMpMdHB22e1uTQ	146.70.168.194:51820
us-nyc-wg-702	O81+YN0WHF4wuWRejhPG62PGK9bv/8BQTa6Ni3fomWM	23.162.8.67:51820
us-nyc-wg-801	3XVRp858LSMwQ6pA2Zo5LFGf4nIjLnuTkbXTJiNPcmo	23.234.100.3:51820
us-nyc-wg-802	SG1mcVhXNEZDZkir3GGLA7DCltIfPr71rPW6nFzW1Rc	23.234.100.127:51820
us-nyc-wg-803	X1ZCLofMRmOnoJiNUTokpTazaRrdtbdH8+yAFvyCMnM	23.234.101.3:51820
us-nyc-wg-804	uNKXjnTzZE0najF3fo5HiDBkg/fCF+anDkVuBNTCfhs	23.234.101.127:51820
us-nyc-wg-805	i97V7R9Fk5IrrbYw+k7H35i8frXOHvbES13AAoRHrWY	23.234.102.3:51820
us-nyc-wg-806	TJxsTwqSLYLKHFJLf7Uo87GiqVXnpYFaNbiiP9qwfBE	23.234.102.127:51820
us-nyc-wg-807	THimhBHKHZ2KeoTRURvpNIVir4nlaxx5NSYwqNuF1wk	23.234.103.3:51820
us-nyc-wg-808	tI+Ddqg8MZ3nqXLuvA5Kzryih//XLId7IM4IEgROiFk	23.234.103.127:51820
us-phx-wg-201	8mie5kslgD63v3pZkbFmwGdj3dg5mu8Wm2Ji5kntfXA	23.234.88.3:51820
us-phx-wg-202	I8eCMCSsFlb78N8VNaFqSJKM4Z2+3iVdlG6CvJkYEiA	23.234.88.127:51820
us-phx-wg-203	nSeEIx++JuzqxNqLPOm2BVCXwPpR72Q3QLflDUK8tTA	23.234.89.3:51820
us-phx-wg-204	0is4/9V/KIBWwfeuDVDlBmPa134UuV5gaFGUqI1emXY	23.234.89.127:51820
us-phx-wg-205	sZMMs5XaQN+p0HXCK15zYV1jo7IJN7agm1Ftm7JDnnk	23.234.90.3:51820
us-phx-wg-206	fdA7Lc9cpwb1oPy4Oa/A8sPm+RaDpW5yrdgjykde4jM	23.234.90.127:51820
us-phx-wg-207	G5tIt92dwuvvln9nlsi/cI3Au47U94mOMgSdODRMIxs	23.234.91.3:51820
us-phx-wg-208	4nHL/Y9efuazXJB0cx6ktdBb0L0gkITWzCFCswfCh04	23.234.91.127:51820
us-qas-wg-101	JEuuPzZE8uE53OFhd3YFiZuwwANLqwmdXWMHPUbBwnk	185.156.46.130:51820
us-qas-wg-102	5hlEb3AjTzVIJyYWCYvJvbgA4p25Ltfp2cYnys90LQ0	185.156.46.143:51820
us-qas-wg-103	oD9IFZsA5sync37K/sekVXaww76MwA3IvDRpR/irZWQ	185.156.46.156:51820
us-qas-wg-201	no0QE15NRHLECYe/B976IH9mLn22QecYBbcYl3LZhD0	103.81.230.3:51820
us-qas-wg-203	tI5F6pIZMEf0aJUTG/I2ZvYkkJDJpOxVakObTLLmBAI	103.81.231.3:51820
us-qas-wg-204	2bvhh22EcdV3MIuIJze47gD2KmXpplYrNbCjNff2ID8	103.81.231.127:51820
us-qas-wg-301	WUF0hoTY+kiklSDjMt2Z9kuebB6L/xTm5LcdNbwnslk	23.234.96.2:51820
us-qas-wg-302	vwIDgSCPbEzumzi/XveunLso8yzLdOP4OdZCHFYsbkg	23.234.96.127:51820
us-qas-wg-303	eym7onKZRi6uTtIA7SCxON/1q6zln3o5mYeYlasMeR8	23.234.97.2:51820
us-qas-wg-304	D3xigYvUQnLnKBVNQ7KpaWpuIbGxHHB1mb/+nSf3QXI	23.234.97.127:51820
us-qas-wg-305	hOuBVCXBzSA2eDx1cuAozt1B7Cg9M9IGCS6tedZHEkE	23.234.98.2:51820
us-qas-wg-306	5J/CzkztJt5djDo/UiHA0jQwMOr5b7SfeY77TWmcVF0	23.234.98.127:51820
us-qas-wg-307	aVmjjHrEAPxxg3l/19K+WSXjH4bKBpfaKkDI+6+umkc	23.234.99.2:51820
us-qas-wg-308	lXSNRlfRVmeljwu0y7m4+M2OhveCbaMRewTbssgHDyY	23.234.99.127:51820
us-rag-wg-201	MuKjekVqBwpSizHLNwVRl4b8bwi6aTCBOshPiOOWrEQ	23.234.76.2:51820
us-rag-wg-202	T2diUJ97txooCDntCrB6Q29Qe0fm/hMdZDzdc9uOUgQ	23.234.76.127:51820
us-rag-wg-203	4BioSTLTYH1qL/oYGY/z5IZ049I7oSzs5IKoFZzrgn0	23.234.77.2:51820
us-rag-wg-204	Tk5lPM5K5qrXPWDktHH+AvcxC+UxhGSX6aILsPi33zU	23.234.77.127:51820
us-rag-wg-205	z7vhWZ1oY+UkE7PoXF/QtofOhTNGnNfoP20al/cniyc	23.234.78.2:51820
us-rag-wg-206	ekRrcTqihriWz4TldL2deIEbHlqwytL3pu1WV+v7zjw	23.234.78.127:51820
us-rag-wg-207	Y16tMAXHpCEExSZJ8AL5LfskKqPqIrZWeLFbSLE/piE	23.234.79.2:51820
us-sea-wg-001	bZQF7VRDRK/JUJ8L6EFzF/zRw2tsqMRk6FesGtTgsC0	138.199.43.91:51820
us-sea-wg-002	Xt80FGN9eLy1vX3F29huj6oW2MnQt7ne3DMBpo525Qw	138.199.43.78:51820
us-sea-wg-003	4ke8ZSsroiI6Sp23OBbMAU6yQmdF3xU2N8CyzQXE/Qw	138.199.43.65:51820
us-sea-wg-401	wRvkGNE3N2UklxKajU06gbBJ3Bg7KmhZsU7a5HIFBw8	23.234.80.2:51820
us-sea-wg-402	NBnpCxDrc0tdX91KUm5cEmQv7BSMOZqd7dS/d7piQl0	23.234.80.127:51820
us-sea-wg-403	cJ8317JqMtNDvxvd/8z29lWurK/3sb5nFZuOY5mw3ys	23.234.81.2:51820
us-sea-wg-404	G6+A375GVmuFCAtvwgx3SWCWhrMvdQ+cboXQ8zp2ang	23.234.81.127:51820
us-sea-wg-405	X+efE4ntYuAEHBHU32SBMq/U0lAFEKeX5/nl3CKtrVM	23.234.82.2:51820
us-sea-wg-406	kT695K8pTGd+I6Q4a4URU2AdXN2VAtHyi7kNSRjUEiw	23.234.82.127:51820
us-sea-wg-407	HrhtkMqLmKtpAHiUIw7uLHwt48mDlhyLOt4+1kpNj3Y	23.234.83.2:51820
us-sea-wg-408	tfhYXF12+7tB6bEOhqZ7eMODDv08fDMnQSBTmlau9VI	23.234.83.127:51820
us-sfo-wg-001	mf/nsPsUZZvssmD8IqZBYda/PoPyD3mZFKEf0NkyynY	45.153.102.3:51820
us-sfo-wg-002	sXWVQ/6I6Yj9fiA3yLqpLhnoq6qAVxkwRP7KirMRb3M	194.126.179.3:51820
us-sjc-wg-001	FGcXuLkvErFPiTPAjtJusTtbCoFkJOK8SXHwWOeNYUM	23.144.160.67:51820
us-sjc-wg-002	A/FGRjSdq2is0cFCBixLy5Htx5SYFXsVVs28Lv1wsCs	23.144.160.86:51820
us-sjc-wg-003	PHvr2i7PvHljrPvbMpSQikfksXJNA/tseNeplNv1Wn8	23.144.160.106:51820
us-sjc-wg-302	8wVb4HUgmpQEa5a1Q8Ff1hTDTJVaHts487bksJVugEo	142.147.89.210:51820
us-sjc-wg-303	2ZQTRk/3jT+ccfG3G/QoJV3NFC4CFHQwGBCSokOvBnA	142.147.89.225:51820
us-sjc-wg-401	2q0LGwWvnV2qbNEAgOOHh4tvol5vGeQXJZDAbazCSBY	79.127.217.34:51820
us-sjc-wg-402	+UZsgTzYTdG3LvqpL+V9ZkwEMiFcls32YlpuI0cqDQ4	79.127.217.47:51820
us-sjc-wg-501	wbK8/hP/ZMr972OtanZxugSqUVt/sM/G9rnTiQ5YbSw	23.234.92.3:51820
us-sjc-wg-502	dCHtOy+ieOOMzgpZPr557dXygpmlj9RRNCAvUQvXj3I	23.234.92.127:51820
us-sjc-wg-503	HqWGqZbCgLxYLGHQG7P3jHYWQgc5p6ImqaxgqA97WCY	23.234.93.3:51820
us-sjc-wg-504	hQ/UqXflXztKM2T39HmQRPpPjWP8I2r9FMqnqFWy53M	23.234.93.127:51820
us-sjc-wg-505	v0CXmb+wIy1P+IbFA/1nYTB3KoDzFyW5k7n8vXoTxiY	23.234.94.3:51820
us-sjc-wg-506	sjWKL/W2+21cyjEBjtMd4TQQlWTsLTUN4skYOF7YgnU	23.234.94.127:51820
us-sjc-wg-507	IKhrTUlWJXlcH30jNV82mlWlj6NEre3PZffJ7MoT0zc	23.234.95.3:51820
us-sjc-wg-508	rIqRJ1o3UxvuwXj9B7VDquiTZ8BtQdab4wsb4F1L7l8	23.234.95.127:51820
us-slc-wg-301	tA/k8ouzYiVmgCRCF7TWibVzv5xRp3cgv9TJX66poGE	23.234.112.3:51820
us-slc-wg-302	6hF/LLVCkxlW+mH6wFob5ZiDZNu2DqfEj82w8wzVnHY	23.234.112.127:51820
us-slc-wg-303	Taa3TPPNUUcD3upveDHqpi9uaNHbeXzh6kX+sQUcM0s	23.234.113.3:51820
us-slc-wg-304	+ru/ZmhgTYWNLyn3ZWuC57PMOU64yMfuWPZ5ow0XY3A	23.234.113.127:51820
us-slc-wg-305	QkiwUWRNNtI+8YSK0SPCq6KeKPSohpX/8FbFZkx+uHg	23.234.114.3:51820
us-slc-wg-306	Gv4GZOT46WQsTOAH4mYlauwFRxtpCX08BI0bzot5Piw	23.234.114.127:51820
us-slc-wg-307	6pJrsejyhJLRotKdS+RCZez28/WqlOw6qEs1BbjQVSI	23.234.115.3:51820
us-slc-wg-308	f7xT56F8RP9XDXW7UCxBcjgP+SAGyH+y2OZ4fieR4X8	23.234.115.127:51820
us-txc-wg-001	+OCONjBoN5RytiPy000VOzhZsiu1tSzecmc1hl/q8hI	79.127.222.194:51820
us-txc-wg-002	mjv8qVNwhVKO0ePAI97CRil188uwdR/VR6ihcNY/hio	79.127.222.207:51820
us-uyk-wg-201	utm9eFUk8tH0j/dwKLJvlb6BRSfm3GZbomxr52ZDGn0	104.36.50.3:51820
us-uyk-wg-202	8Rh2Qc+vXTREhJb/RfCcpXS13U9xSqy4Pnw4+Wwt7iE	104.36.50.33:51820
us-was-wg-001	qD3AH8vI8MhEVc9+0+2O8zV0Gx9FfKdy7ri3Bnpzo10	185.213.193.3:51820
us-was-wg-002	2AvJGG4MJfnJMRSR6kcha9FZMMkhJM/AtktI5DSESSI	185.213.193.127:51820
za-jnb-wg-001	5dOGXJ9JK/Bul0q57jsuvjNnc15gRpSO1rMbxkf4J2M	154.47.30.130:51820
za-jnb-wg-002	lTq6+yUYfYsXwBpj/u3LnYqpLhW8ZJXQQ19N/ybP2B8	154.47.30.143:51820
